{
"lengthUnit": "mil",
"components": {
	"fields": ["COMPONENT_NO", "COMPONENT_NAME", "LAYER", "X_COORDINATE", "Y_COORDINATE", "ANGLE"],
	"rows": [
		[1, "C5", "T", 1305, 1940, 0],
		[2, "C6", "T", 1310, 2690, 0],
		[3, "C7", "T", 3015, 2770, 0],
		[4, "C13", "T", 3030, 2615, 0],
		[5, "C14", "T", 2305, 2600, 0],
		[6, "C15", "T", 2300, 2885, 0],
		[7, "C16", "T", 2290, 2745, 0],
		[8, "CN1", "T", 3090, 1840, 0],
		[9, "D2", "T", 1955, 3310, 0],
		[10, "D4", "T", 2015, 2565, 0],
		[11, "L2", "T", 1860, 2285, 0],
		[12, "P8", "T", 1920, 1820, 180],
		[13, "Q2", "T", 2495, 3325, 270],
		[14, "R5", "T", 2630, 3070, 0],
		[15, "R6", "T", 3055, 3080, 180],
		[16, "R7", "T", 3075, 2035, 0],
		[17, "R8", "T", 3045, 2945, 0],
		[18, "R9", "T", 3065, 3285, 0],
		[19, "R13", "T", 2130, 2380, 0],
		[20, "R14", "T", 3070, 2185, 0],
		[21, "R15", "T", 2685, 2170, 0],
		[22, "SW1", "T", 2405, 2210, 0],
		[23, "U5", "T", 1320, 3250, 0],
		[24, "U6", "T", 1975, 2805, 0],
		[25, "U7", "T", 1955, 3080, 0],
		[26, "U8", "T", 2980, 2390, 0],
		[27, "U12", "T", 2410, 1820, 90],
		[28, "U13", "T", 2640, 2705, 0],
		[29, "U14", "T", 1015, 2305, 0],
		[30, "U15", "T", 2745, 1755, 0],
		[31, "U16", "T", 1765, 2535, 0],
		[32, "U17", "T", 3318.67, 2923.99, 0]
	]
},
"pins": {
	"fields": ["PIN_NO", "PIN_NAME", "PIN_X", "PIN_Y", "LAYER", "PIN_TYPE", "NET_NAME", "NET_TYPE", "PAD_SHAPE", "PAD_SIZEX", "PAD_SIZEY", "HOLE_SIZE", "PAD_ANGLE"],
	"rows": [
		[1, "C5_1", 1157.37, 1940, "T", "DIP", "$4N380", "", "C", 86.61, 86.61, 47.24, 90],
		[2, "C5_1", 1157.37, 1940, "B", "DIP", "$4N380", "", "C", 86.61, 86.61, 47.24, 90],
		[3, "C5_2", 1452.63, 1940, "T", "DIP", "GND", "GND", "C", 86.61, 86.61, 47.24, 90],
		[4, "C5_2", 1452.63, 1940, "B", "DIP", "GND", "GND", "C", 86.61, 86.61, 47.24, 90],
		[5, "C6_1", 1162.37, 2690, "T", "DIP", "$4N1086", "", "C", 86.61, 86.61, 47.24, 90],
		[6, "C6_1", 1162.37, 2690, "B", "DIP", "$4N1086", "", "C", 86.61, 86.61, 47.24, 90],
		[7, "C6_2", 1457.63, 2690, "T", "DIP", "GND", "GND", "C", 86.61, 86.61, 47.24, 90],
		[8, "C6_2", 1457.63, 2690, "B", "DIP", "GND", "GND", "C", 86.61, 86.61, 47.24, 90],
		[9, "C7_1", 2975.63, 2770, "T", "SMD", "$4N3254", "", "R", 55.51, 53.15, 0, 0],
		[10, "C7_2", 3054.37, 2770, "T", "SMD", "GND", "GND", "R", 55.51, 53.15, 0, 0],
		[11, "C13_1", 3002.44, 2615, "T", "SMD", "$4N1086", "", "R", 31.5, 35.43, 0, 0],
		[12, "C13_2", 3057.56, 2615, "T", "SMD", "GND", "GND", "R", 31.5, 35.43, 0, 0],
		[13, "C14_1", 2277.44, 2600, "T", "SMD", "$4N1835", "", "R", 31.5, 35.43, 0, 0],
		[14, "C14_2", 2332.56, 2600, "T", "SMD", "$4N1838", "", "R", 31.5, 35.43, 0, 0],
		[15, "C15_1", 2272.44, 2885, "T", "SMD", "$4N1832", "", "R", 31.5, 35.43, 0, 0],
		[16, "C15_2", 2327.56, 2885, "T", "SMD", "GND", "GND", "R", 31.5, 35.43, 0, 0],
		[17, "C16_1", 2262.44, 2745, "T", "SMD", "GND", "GND", "R", 31.5, 35.43, 0, 0],
		[18, "C16_2", 2317.56, 2745, "T", "SMD", "$4N1822", "", "R", 31.5, 35.43, 0, 0],
		[19, "CN1_1", 2952.2, 1840, "T", "DIP", "$4N2951", "", "C", 98.42, 98.42, 66.93, 0],
		[20, "CN1_1", 2952.2, 1840, "B", "DIP", "$4N2951", "", "C", 98.42, 98.42, 66.93, 0],
		[21, "CN1_2", 3090, 1840, "T", "DIP", "GND", "GND", "C", 98.42, 98.42, 66.93, 0],
		[22, "CN1_2", 3090, 1840, "B", "DIP", "GND", "GND", "C", 98.42, 98.42, 66.93, 0],
		[23, "CN1_3", 3227.8, 1840, "T", "DIP", "$4N1822", "", "C", 98.42, 98.42, 66.93, 0],
		[24, "CN1_3", 3227.8, 1840, "B", "DIP", "$4N1822", "", "C", 98.42, 98.42, 66.93, 0],
		[25, "D2_1", 1726.65, 3310, "T", "DIP", "$4N388", "", "C", 78.74, 78.74, 47.24, 0],
		[26, "D2_1", 1726.65, 3310, "B", "DIP", "$4N388", "", "C", 78.74, 78.74, 47.24, 0],
		[27, "D2_2", 2183.35, 3310, "T", "DIP", "GND", "GND", "C", 78.74, 78.74, 47.24, 0],
		[28, "D2_2", 2183.35, 3310, "B", "DIP", "GND", "GND", "C", 78.74, 78.74, 47.24, 0],
		[29, "D4_1", 1928.68, 2565, "T", "SMD", "$4N1822", "", "R", 70.87, 66.93, 0, 0],
		[30, "D4_2", 2101.32, 2565, "T", "SMD", "$4N1838", "", "R", 70.87, 66.93, 0, 0],
		[31, "L2_1", 1753.7, 2285, "T", "SMD", "$4N1838", "", "R", 137.79, 275.59, 0, 0],
		[32, "L2_2", 1966.3, 2285, "T", "SMD", "$4N1822", "", "R", 137.79, 275.59, 0, 0],
		[33, "P8_1", 2018.42, 1820, "T", "DIP", "$4N1086", "", "C", 78.74, 78.74, 47.24, 180],
		[34, "P8_1", 2018.42, 1820, "B", "DIP", "$4N1086", "", "C", 78.74, 78.74, 47.24, 180],
		[35, "P8_2", 1821.58, 1820, "T", "DIP", "$4N1104", "", "C", 78.74, 78.74, 47.24, 180],
		[36, "P8_2", 1821.58, 1820, "B", "DIP", "$4N1104", "", "C", 78.74, 78.74, 47.24, 180],
		[37, "Q2_1", 2595, 3325, "T", "DIP", "$4N686", "", "R", 78.74, 98.42, 51.18, 180],
		[38, "Q2_1", 2595, 3325, "B", "DIP", "$4N686", "", "R", 78.74, 98.42, 51.18, 180],
		[39, "Q2_2", 2495, 3325, "T", "DIP", "$4N1104", "", "O", 78.74, 98.42, 51.18, 180],
		[40, "Q2_2", 2495, 3325, "B", "DIP", "$4N1104", "", "O", 78.74, 98.42, 51.18, 180],
		[41, "Q2_3", 2395, 3325, "T", "DIP", "GND", "GND", "O", 78.74, 98.42, 51.18, 180],
		[42, "Q2_3", 2395, 3325, "B", "DIP", "GND", "GND", "O", 78.74, 98.42, 51.18, 180],
		[43, "R5_1", 2488.27, 3070, "T", "DIP", "$4N1104", "", "C", 47.24, 47.24, 31.5, 0],
		[44, "R5_1", 2488.27, 3070, "B", "DIP", "$4N1104", "", "C", 47.24, 47.24, 31.5, 0],
		[45, "R5_2", 2771.73, 3070, "T", "DIP", "$4N686", "", "C", 47.24, 47.24, 31.5, 0],
		[46, "R5_2", 2771.73, 3070, "B", "DIP", "$4N686", "", "C", 47.24, 47.24, 31.5, 0],
		[47, "R6_1", 3196.73, 3080, "T", "DIP", "GND", "GND", "C", 47.24, 47.24, 31.5, 180],
		[48, "R6_1", 3196.73, 3080, "B", "DIP", "GND", "GND", "C", 47.24, 47.24, 31.5, 180],
		[49, "R6_2", 2913.27, 3080, "T", "DIP", "$4N686", "", "C", 47.24, 47.24, 31.5, 180],
		[50, "R6_2", 2913.27, 3080, "B", "DIP", "$4N686", "", "C", 47.24, 47.24, 31.5, 180],
		[51, "R7_1", 2933.27, 2035, "T", "DIP", "$4N1822", "", "C", 47.24, 47.24, 31.5, 0],
		[52, "R7_1", 2933.27, 2035, "B", "DIP", "$4N1822", "", "C", 47.24, 47.24, 31.5, 0],
		[53, "R7_2", 3216.73, 2035, "T", "DIP", "$4N3265", "", "C", 47.24, 47.24, 31.5, 0],
		[54, "R7_2", 3216.73, 2035, "B", "DIP", "$4N3265", "", "C", 47.24, 47.24, 31.5, 0],
		[55, "R8_1", 2903.27, 2945, "T", "DIP", "$4N3265", "", "C", 47.24, 47.24, 31.5, 0],
		[56, "R8_1", 2903.27, 2945, "B", "DIP", "$4N3265", "", "C", 47.24, 47.24, 31.5, 0],
		[57, "R8_2", 3186.73, 2945, "T", "DIP", "$4N3254", "", "C", 47.24, 47.24, 31.5, 0],
		[58, "R8_2", 3186.73, 2945, "B", "DIP", "$4N3254", "", "C", 47.24, 47.24, 31.5, 0],
		[59, "R9_1", 2917.36, 3285, "T", "DIP", "$4N3265", "", "C", 70.87, 70.87, 47.24, 0],
		[60, "R9_1", 2917.36, 3285, "B", "DIP", "$4N3265", "", "C", 70.87, 70.87, 47.24, 0],
		[61, "R9_2", 3212.64, 3285, "T", "DIP", "GND", "GND", "C", 70.87, 70.87, 47.24, 0],
		[62, "R9_2", 3212.64, 3285, "B", "DIP", "GND", "GND", "C", 70.87, 70.87, 47.24, 0],
		[63, "R13_1", 2100.34, 2380, "T", "SMD", "$4N1086", "", "R", 31.75, 34.02, 0, 0],
		[64, "R13_2", 2159.66, 2380, "T", "SMD", "$4N1815", "", "R", 31.75, 34.02, 0, 0],
		[65, "R14_1", 3040.34, 2185, "T", "SMD", "GND", "GND", "R", 31.75, 34.02, 0, 0],
		[66, "R14_2", 3099.66, 2185, "T", "SMD", "$4N4571", "", "R", 31.75, 34.02, 0, 0],
		[67, "R15_1", 2626.78, 2170, "T", "SMD", "$4N1822", "", "R", 47.54, 66.97, 0, 0],
		[68, "R15_2", 2743.22, 2170, "T", "SMD", "$4N4571", "", "R", 47.54, 66.97, 0, 0],
		[69, "SW1_1", 2282.95, 2210, "T", "SMD", "$4N2396", "", "R", 94.49, 110.24, 0, 0],
		[70, "SW1_2", 2527.05, 2210, "T", "SMD", "GND", "GND", "R", 94.49, 110.24, 0, 0],
		[71, "U5_1", 1178.27, 3250, "T", "DIP", "GND", "GND", "C", 228.35, 228.35, 173.23, 0],
		[72, "U5_1", 1178.27, 3250, "B", "DIP", "GND", "GND", "C", 228.35, 228.35, 173.23, 0],
		[73, "U5_2", 1461.73, 3250, "T", "DIP", "$4N380", "", "C", 228.35, 228.35, 173.23, 0],
		[74, "U5_2", 1461.73, 3250, "B", "DIP", "$4N380", "", "C", 228.35, 228.35, 173.23, 0],
		[75, "U6_1", 1840.35, 2805, "T", "DIP", "GND", "GND", "C", 55.12, 55.12, 43.31, 180],
		[76, "U6_1", 1840.35, 2805, "B", "DIP", "GND", "GND", "C", 55.12, 55.12, 43.31, 180],
		[77, "U6_2", 1907.68, 2805, "T", "DIP", "U6_2", "", "C", 55.12, 55.12, 43.31, 180],
		[78, "U6_2", 1907.68, 2805, "B", "DIP", "U6_2", "", "C", 55.12, 55.12, 43.31, 180],
		[79, "U6_3", 1975, 2805, "T", "DIP", "$4N1086", "", "C", 55.12, 55.12, 43.31, 180],
		[80, "U6_3", 1975, 2805, "B", "DIP", "$4N1086", "", "C", 55.12, 55.12, 43.31, 180],
		[81, "U6_4", 2042.32, 2805, "T", "DIP", "U6_4", "", "C", 55.12, 55.12, 43.31, 180],
		[82, "U6_4", 2042.32, 2805, "B", "DIP", "U6_4", "", "C", 55.12, 55.12, 43.31, 180],
		[83, "U6_5", 2109.65, 2805, "T", "DIP", "$4N380", "", "C", 55.12, 55.12, 43.31, 180],
		[84, "U6_5", 2109.65, 2805, "B", "DIP", "$4N380", "", "C", 55.12, 55.12, 43.31, 180],
		[85, "U7_1", 1854.61, 3101.65, "T", "DIP", "$4N380", "", "C", 78.74, 78.74, 47.24, 0],
		[86, "U7_1", 1854.61, 3101.65, "B", "DIP", "$4N380", "", "C", 78.74, 78.74, 47.24, 0],
		[87, "U7_2", 2055.39, 3058.35, "T", "DIP", "$4N388", "", "C", 78.74, 78.74, 47.24, 0],
		[88, "U7_2", 2055.39, 3058.35, "B", "DIP", "$4N388", "", "C", 78.74, 78.74, 47.24, 0],
		[89, "U8_1", 2897.32, 2390, "T", "SMD", "$4N1104", "", "R", 78.74, 62.72, 0, 180],
		[90, "U8_2", 3062.68, 2390, "T", "SMD", "$4N1086", "", "R", 78.74, 62.72, 0, 180],
		[91, "U12_1", 2529, 1745, "T", "SMD", "$4N1086", "", "O", 27.56, 86.61, 0, 270],
		[92, "U12_2", 2529, 1795, "T", "SMD", "GND", "GND", "O", 27.56, 86.61, 0, 270],
		[93, "U12_3", 2529, 1845, "T", "SMD", "$4N1815", "", "O", 27.56, 86.61, 0, 270],
		[94, "U12_4", 2529, 1895, "T", "SMD", "$4N4571", "", "O", 27.56, 86.61, 0, 270],
		[95, "U12_5", 2291, 1895, "T", "SMD", "$4N1832", "", "O", 27.56, 86.61, 0, 270],
		[96, "U12_6", 2291, 1845, "T", "SMD", "$4N1822", "", "O", 27.56, 86.61, 0, 270],
		[97, "U12_7", 2291, 1795, "T", "SMD", "$4N1835", "", "O", 27.56, 86.61, 0, 270],
		[98, "U12_8", 2291, 1745, "T", "SMD", "$4N1838", "", "O", 27.56, 86.61, 0, 270],
		[99, "U12_9", 2408, 1820, "T", "SMD", "GND", "GND", "R", 90.55, 129.92, 0, 180],
		[100, "U13_1", 2531.73, 2537.68, "T", "SMD", "$4N1822", "", "O", 10.63, 59.05, 0, 0],
		[101, "U13_2", 2551.42, 2537.68, "T", "SMD", "U13_2", "", "O", 10.63, 59.05, 0, 0],
		[102, "U13_3", 2571.1, 2537.68, "T", "SMD", "U13_3", "", "O", 10.63, 59.05, 0, 0],
		[103, "U13_4", 2590.79, 2537.68, "T", "SMD", "U13_4", "", "O", 10.63, 59.05, 0, 0],
		[104, "U13_5", 2610.47, 2537.68, "T", "SMD", "U13_5", "", "O", 10.63, 59.05, 0, 0],
		[105, "U13_6", 2630.16, 2537.68, "T", "SMD", "U13_6", "", "O", 10.63, 59.05, 0, 0],
		[106, "U13_7", 2649.84, 2537.68, "T", "SMD", "$4N2396", "", "O", 10.63, 59.05, 0, 0],
		[107, "U13_8", 2669.53, 2537.68, "T", "SMD", "U13_8", "", "O", 10.63, 59.05, 0, 0],
		[108, "U13_9", 2689.21, 2537.68, "T", "SMD", "U13_9", "", "O", 10.63, 59.05, 0, 0],
		[109, "U13_10", 2708.9, 2537.68, "T", "SMD", "$4N3265", "", "O", 10.63, 59.05, 0, 0],
		[110, "U13_11", 2728.58, 2537.68, "T", "SMD", "$4N1104", "", "O", 10.63, 59.05, 0, 0],
		[111, "U13_12", 2748.27, 2537.68, "T", "SMD", "U13_12", "", "O", 10.63, 59.05, 0, 0],
		[112, "U13_13", 2807.32, 2596.73, "T", "SMD", "U13_13", "", "O", 59.05, 10.63, 0, 0],
		[113, "U13_14", 2807.32, 2616.42, "T", "SMD", "U13_14", "", "O", 59.05, 10.63, 0, 0],
		[114, "U13_15", 2807.32, 2636.1, "T", "SMD", "U13_15", "", "O", 59.05, 10.63, 0, 0],
		[115, "U13_16", 2807.32, 2655.79, "T", "SMD", "U13_16", "", "O", 59.05, 10.63, 0, 0],
		[116, "U13_17", 2807.32, 2675.47, "T", "SMD", "U13_17", "", "O", 59.05, 10.63, 0, 0],
		[117, "U13_18", 2807.32, 2695.16, "T", "SMD", "U13_18", "", "O", 59.05, 10.63, 0, 0],
		[118, "U13_19", 2807.32, 2714.84, "T", "SMD", "U13_19", "", "O", 59.05, 10.63, 0, 0],
		[119, "U13_20", 2807.32, 2734.53, "T", "SMD", "U13_20", "", "O", 59.05, 10.63, 0, 0],
		[120, "U13_21", 2807.32, 2754.21, "T", "SMD", "U13_21", "", "O", 59.05, 10.63, 0, 0],
		[121, "U13_22", 2807.32, 2773.9, "T", "SMD", "U13_22", "", "O", 59.05, 10.63, 0, 0],
		[122, "U13_23", 2807.32, 2793.58, "T", "SMD", "U13_23", "", "O", 59.05, 10.63, 0, 0],
		[123, "U13_24", 2807.32, 2813.27, "T", "SMD", "U13_24", "", "O", 59.05, 10.63, 0, 0],
		[124, "U13_25", 2748.27, 2872.32, "T", "SMD", "U13_25", "", "O", 10.63, 59.05, 0, 0],
		[125, "U13_26", 2728.58, 2872.32, "T", "SMD", "U13_26", "", "O", 10.63, 59.05, 0, 0],
		[126, "U13_27", 2708.9, 2872.32, "T", "SMD", "U13_27", "", "O", 10.63, 59.05, 0, 0],
		[127, "U13_28", 2689.21, 2872.32, "T", "SMD", "U13_28", "", "O", 10.63, 59.05, 0, 0],
		[128, "U13_29", 2669.53, 2872.32, "T", "SMD", "U13_29", "", "O", 10.63, 59.05, 0, 0],
		[129, "U13_30", 2649.84, 2872.32, "T", "SMD", "U13_30", "", "O", 10.63, 59.05, 0, 0],
		[130, "U13_31", 2630.16, 2872.32, "T", "SMD", "U13_31", "", "O", 10.63, 59.05, 0, 0],
		[131, "U13_32", 2610.47, 2872.32, "T", "SMD", "U13_32", "", "O", 10.63, 59.05, 0, 0],
		[132, "U13_33", 2590.79, 2872.32, "T", "SMD", "U13_33", "", "O", 10.63, 59.05, 0, 0],
		[133, "U13_34", 2571.1, 2872.32, "T", "SMD", "U13_34", "", "O", 10.63, 59.05, 0, 0],
		[134, "U13_35", 2551.42, 2872.32, "T", "SMD", "U13_35", "", "O", 10.63, 59.05, 0, 0],
		[135, "U13_36", 2531.73, 2872.32, "T", "SMD", "U13_36", "", "O", 10.63, 59.05, 0, 0],
		[136, "U13_37", 2472.68, 2813.27, "T", "SMD", "U13_37", "", "O", 59.05, 10.63, 0, 0],
		[137, "U13_38", 2472.68, 2793.58, "T", "SMD", "U13_38", "", "O", 59.05, 10.63, 0, 0],
		[138, "U13_39", 2472.68, 2773.9, "T", "SMD", "U13_39", "", "O", 59.05, 10.63, 0, 0],
		[139, "U13_40", 2472.68, 2754.21, "T", "SMD", "U13_40", "", "O", 59.05, 10.63, 0, 0],
		[140, "U13_41", 2472.68, 2734.53, "T", "SMD", "U13_41", "", "O", 59.05, 10.63, 0, 0],
		[141, "U13_42", 2472.68, 2714.84, "T", "SMD", "U13_42", "", "O", 59.05, 10.63, 0, 0],
		[142, "U13_43", 2472.68, 2695.16, "T", "SMD", "U13_43", "", "O", 59.05, 10.63, 0, 0],
		[143, "U13_44", 2472.68, 2675.47, "T", "SMD", "$4N2951", "", "O", 59.05, 10.63, 0, 0],
		[144, "U13_45", 2472.68, 2655.79, "T", "SMD", "U13_45", "", "O", 59.05, 10.63, 0, 0],
		[145, "U13_46", 2472.68, 2636.1, "T", "SMD", "U13_46", "", "O", 59.05, 10.63, 0, 0],
		[146, "U13_47", 2472.68, 2616.42, "T", "SMD", "GND", "GND", "O", 59.05, 10.63, 0, 0],
		[147, "U13_48", 2472.68, 2596.73, "T", "SMD", "$4N1822", "", "O", 59.05, 10.63, 0, 0],
		[148, "U14_1", 1015, 2305, "T", "DIP", "$4N380", "", "C", 106.3, 106.3, 78.74, 0],
		[149, "U14_1", 1015, 2305, "B", "DIP", "$4N380", "", "C", 106.3, 106.3, 78.74, 0],
		[150, "U15_1", 2745, 1755, "T", "DIP", "$4N1086", "", "C", 106.3, 106.3, 78.74, 0],
		[151, "U15_1", 2745, 1755, "B", "DIP", "$4N1086", "", "C", 106.3, 106.3, 78.74, 0],
		[152, "U16_1", 1765, 2535, "T", "DIP", "$4N1822", "", "C", 106.3, 106.3, 78.74, 0],
		[153, "U16_1", 1765, 2535, "B", "DIP", "$4N1822", "", "C", 106.3, 106.3, 78.74, 0],
		[154, "U17_1", 3318.67, 2923.99, "T", "DIP", "GND", "GND", "C", 106.3, 106.3, 78.74, 0],
		[155, "U17_1", 3318.67, 2923.99, "B", "DIP", "GND", "GND", "C", 106.3, 106.3, 78.74, 0]
	]
}
}